d2035b80-9152-11e6-be93-27f0a7b39daa,63407afbb56cab9538a719e0d944de22155f50f400d7d59678d372f45410e3a55094fe101a005df586c588959b34c7b45a304b0fae6911ab62c19fb3be1dcd49,An Entry Body Text Dump JSON,1970-01-18 02:06:09+0000,1970-01-18 02:49:21+0000,False,An Entry Title JSON
dac8d616-7ae7-4a08-b085-1d55d0d425cc,d7770feb7ca267fa61a9715d3ec608635c83b23531e65752d58a99d197101f0d314010a4213f1c243d4bce767299fe4046408cfbfeafc6932b515c629f44cf21,An Entry Body Text Dump JSON,,,True,An Entry Title JSON
3eef218b-f29b-4cb4-90bc-1b902522ccff,7bf7176ba1dcfdd5474d29dc6039a8406ed7cf9ec73743feb93f5dc0ffd075ec43e863c3a6b8d428055aede90895fce34cb6428257b5ab9b975695d04c9ac57e,An Entry Body Text Dump JSON,,,True,An Entry Title JSON
d9e7f001-b1a7-493d-88fc-dee0145be0ec,746e2ded022f4b1f9ac8047a45b9c18980f979fab2678d9009dc687274755ff0fd7c8e26ae402c240304bac39933046a9ebdea02c245302efd87b0dbb3f628ca,An Entry Body Text Dump JSON,1970-01-18 02:08:09+0000,1970-01-18 02:51:21+0000,True,An Entry Title JSON
614dd150-9269-11e6-b7af-ffc548aadddb,805a2b40eab3064deb2ecaeca3ce206fe33694a4bf1c1f4c7bdb85baeefd8d2a1f508874f1cf9f7f36247431569f727c0e973cad5650c51651bbb386ee505775,An Entry Body Text Dump JSON,1970-01-18 02:08:09+0000,1970-01-18 02:51:21+0000,True,An Entry Title JSON
b0ddbb60-9271-11e6-bdbc-b11aa3525bbd,2eb9cea027eb8ac19a10e35067a399ff3421fbf1faa856b596ea7afe696ef4143c362621181974bcd32f9744f57157a52730508d34be963009c278e21e729b3f,An Entry Body Text Dump JSON,,,True,An Entry Title JSON
4ee5cc16-3adc-4e69-b092-7da4b214f57a,9f8bc1c88672b758eacf64bc7e41e3436cfd770c5b0b5c8caefed23de876baca827376557b4b0f4ee172e8dbc836e0d0c79a99d3cd9985a7721dd8f223aaa654,An Entry Body Text Dump FORM,,,False,An Entry Title FORM
3ecf5933-8e3e-440c-aeea-e9f89e90717e,ac97dbf45cdd7514cbe53bf6b597845be0e93849cb7e8b35abf6e3413d2adf64bb5250582c3fbaa6f3ba0ac133f81968912bab09a1dda8d5da6bed098f19fe6c,An Entry Body Text Dump FORM,1970-01-01 00:00:00+0000,1970-01-01 00:00:00+0000,False,An Entry Title FORM
a98ce9d0-9267-11e6-8ab1-9bce75ebe8a8,308d4ca020e15b54d88ccc0bb23a8bfef41df3dbd362bb837f9c84019e3fff58429a5a64473410b366fdfd85ed0c3ab5916a05e29873628b1d199d5687ebe0b4,An Entry Body Text Dump JSON,1970-01-18 02:08:08+0000,1970-01-18 02:51:20+0000,True,An Entry Title JSON
ad1f30f0-926a-11e6-8814-0b5c1c38ad50,746e2ded022f4b1f9ac8047a45b9c18980f979fab2678d9009dc687274755ff0fd7c8e26ae402c240304bac39933046a9ebdea02c245302efd87b0dbb3f628ca,An Entry Body Text Dump JSON,1970-01-18 02:08:09+0000,1970-01-18 02:51:21+0000,False,An Entry Title JSON
be080a63-a056-424f-9cdd-674cf4c7cef1,9dc9578db43172bdc58621361293752415b2fe440892374d53007739141a653457605e084409ee530d2c67be980386d85b7b42b5daaf57dc317ec757887d3e7e,An Entry Body Text Dump FORM,1970-01-01 00:00:00+0000,1970-01-01 00:00:00+0000,False,An Entry Title FORM
d89a99b0-915f-11e6-b1d3-2dc64a26710f,8a1f524f20c282e3ed824401c4ea874b210c7d9a061b1cf38b1bd13188b22101ba8b08e9ded0af8206a7f53494d723be9bdda62e4d16b4e680fc4d69d9e3d7f4,An Entry Body Text Dump JSON,1970-01-18 02:06:15+0000,1970-01-18 02:49:27+0000,False,An Entry Title JSON
3b5e8f8c-e958-4d6c-94a9-39b203eaf3a1,6a9cd32220ddcda3c90cb52925de59402f082f93bb42078c6c63a03c573511c94881e593e2f4e020ae11e3556cfec473a797a6072d90a87c374277d1513f38b2,An Entry Body Text Dump JSON,1970-01-18 02:08:09+0000,1970-01-18 02:51:21+0000,True,An Entry Title JSON
3716d25c-2c0e-4ed1-9c94-a6a9375140a1,3eaf7c40830a26e8484b5aabaa6d442b59332ab5397ac926bccbb1f0d9c57972c1fbe8848e1c5987f77b3178806e760edfe1e09ff5dbfd10604b4510c512e29c,Overridden zzz,1970-01-18 02:08:12+0000,1970-01-18 02:51:24+0000,True,An Entry Title JSON
ffb31e3e-12a6-43f4-80c4-48860653c78d,81e409fde687d81e502b51d152542f435221f9a3be26b81757f2ad93c4e7a1b3907131bbc56d32fd8628f03e728759941acb6e0d47f0e4b222ba6188bf840716,An Entry Body Text Dump JSON,1970-01-18 02:07:07+0000,1970-01-18 02:50:19+0000,True,An Entry Title JSON
49929aa0-5e9f-4fd5-9469-d86e9dc538ff,a2c2d06bf0ef66653bc310128ba59863c6619cf14a9b54c2aca91e28b5f46f7fba496348c3719077be6f8661bfd8042b4b5ccb7b1de07ab0ffc51e620623c795,An Entry Body Text Dump JSON,1970-01-18 02:08:08+0000,1970-01-18 02:51:20+0000,True,An Entry Title JSON
e0fd4587-5cd2-429a-bc81-afb4c3bea434,e7c88a8629b5be86a2657656aba24a9dc6c2663c5099fb80f9061882e0020fc7ac406540280895db13d88e547c1372f9e4d229750fc8bb02e52c251d3a5fea49,Overridden zzz,1970-01-18 02:08:12+0000,1970-01-18 02:51:24+0000,True,An Entry Title JSON
ad9943a0-9151-11e6-97e4-2dee8717d703,3c8afb0a5209c8da108f914a50bb999556eb2170c2858acd48fb361c46417addb68aeb9151616992178daee85ad6d3815b3d10b407104f1050b571ad79a59267,An Entry Body Text Dump JSON,1970-01-18 02:06:09+0000,1970-01-18 02:49:21+0000,False,An Entry Title JSON
c3713308-fbbd-4580-9a5a-ba4a21a90df9,d6ca9dd8818779947fa1ad724256f255bf1bdd9c74446969857259cf659852b508f21f2d45e18e6cdcac269ef9c3d61c3df131d67b9bb63e52a876e46a38d2e7,An Entry Body Text Dump JSON,,,True,An Entry Title JSON
ff8b8550-e45b-4688-b803-0721c89e3b74,0b378a3e6aa447305ab6b78d962bdb9556057f69a545116a5b31700502aef44e906527a80e9b25a07e2bd77995e7f1a5c06673cfc26114931cc4b335946761cc,An Entry Body Text Dump JSON,,,True,An Entry Title JSON
679edf3d-e167-4d22-bc33-3819b3a83d45,d36e68aa23a18280d75df471b5b248478a59430a4e956874806fb940d451408ab6c1eaac4f0f0f93dcbc096676ddd270aa7f232c681049e1734a92c9e9d89a19,An Entry Body Text Dump FORM,1970-01-01 00:00:00+0000,1970-01-01 00:00:00+0000,False,An Entry Title FORM
42cc2e50-e6f6-4fc6-86e9-21c97aad828a,afe6187cd0d098f3a590b8e1e45337e87f969046b3009081722f0e7bf980d48eeb5461efd351eeb42fca1bf7de95db61350730ed3350200767e2c8aa42c90b1d,An Entry Body Text Dump FORM,,,False,An Entry Title FORM
ed797440-9269-11e6-ac64-852aad93384d,95af395f1c6e5f922896f2d010ab0617e91620c23973ddf8daeb4cddfc3963640c73dc98a1bd0f498bb8d017d1a33b5b0189bef4e4637bf5fdba6d00468b688e,An Entry Body Text Dump JSON,1970-01-18 02:08:09+0000,1970-01-18 02:51:21+0000,True,An Entry Title JSON
73327cc1-7305-43df-8d69-f09a948fbd25,175a5472aef0149c1f1751168aa32f936d113d1db3c452978a535f9faa599282eb80d84281d46513e27a584c1b2a59e9bcbb83654667e627c4e0e9ca55adc9e9,An Entry Body Text Dump FORM,1970-01-01 00:00:00+0000,1970-01-01 00:00:00+0000,False,An Entry Title FORM
d88cc643-99f1-4693-b324-d2c6eb2fd045,95af395f1c6e5f922896f2d010ab0617e91620c23973ddf8daeb4cddfc3963640c73dc98a1bd0f498bb8d017d1a33b5b0189bef4e4637bf5fdba6d00468b688e,An Entry Body Text Dump FORM,1970-01-01 00:00:00+0000,1970-01-01 00:00:00+0000,False,An Entry Title FORM
17d83220-914e-11e6-8ebe-9bb19735febb,845b77fcff9ad1e7256dd075bcfff603610be9121c5eb8681a3986bb0599b5a0469fb754d0a4f0bf2759216adfe76778054d32d966eb86608e6a21c9d015193a,An Entry Body Text Dump JSON,1970-01-18 02:06:07+0000,1970-01-18 02:49:19+0000,False,An Entry Title JSON
5e8d8ac0-9267-11e6-9983-716ab6404f0e,175a5472aef0149c1f1751168aa32f936d113d1db3c452978a535f9faa599282eb80d84281d46513e27a584c1b2a59e9bcbb83654667e627c4e0e9ca55adc9e9,An Entry Body Text Dump JSON,1970-01-18 02:08:08+0000,1970-01-18 02:51:20+0000,True,An Entry Title JSON
46cef51b-9afe-44ea-b4c1-c18b43a0341c,e80f1cd83776ece980c941baa57202f0fbe3ace428fff43999ffab642db7fc0853673a0d8ee38b289d39e5bf4a6818ffd96f92d0e9a8cbb369e3bb3799050d8a,An Entry Body Text Dump FORM,,,False,An Entry Title FORM
777a7487-e8bd-4421-b114-919a76b8232e,ba97ff7462ea2c30203eb683dc24ac1dc62f7469198fff2068e8dd152b2059c26b1a13e1d88612964cf6d98280a2b9326d3e7130ae994f288f776de5257d920b,An Entry Body Text Dump JSON,1970-01-18 02:08:08+0000,1970-01-18 02:51:20+0000,True,An Entry Title JSON
a8c67ee7-b99d-4be7-953f-288e3ef686e1,49c44c954b34cb3e11b84a0dd0143939525d3e7198bb5838e0191dd713c4c7bc45935628758d5428674b9962147c65e3a9a1dd5bed972cf1bbbff4cc0e56f83b,An Entry Body Text Dump JSON,,,True,An Entry Title JSON
5293b040-926d-11e6-a10c-37f32abaee0f,b240e10afeda157761ed0c88a100a0d22d830cc91548d222c279d29ab002c7c127bf5fbda64793b0cf7fc43b34a7a682a2d6c156ad6ada1a4077e0c51e1e882c,An Entry Body Text Dump JSON,,,True,An Entry Title JSON
21aa199c-3dd0-4d5e-8de3-1484c8f50964,2eb9cea027eb8ac19a10e35067a399ff3421fbf1faa856b596ea7afe696ef4143c362621181974bcd32f9744f57157a52730508d34be963009c278e21e729b3f,Overridden zzz,1970-01-18 02:08:12+0000,1970-01-18 02:51:24+0000,True,An Entry Title JSON
1f6a0f04-74cc-4c60-96c9-da48346b166f,37dc1dac59859998c4cf03ce94a73b69e9bac9247a8eeff79df9aa1b9c3bb056ac7862dc090e38c9a8f7737e7feebf46b6e6ab3c79694b653099e61d2bbea210,An Entry Body Text Dump JSON,,,True,An Entry Title JSON
dd860d60-9150-11e6-b056-9b0a82c3acc9,d34af9b276320d7b43cfb7ce5f15f4f98f566805fbfcb4220e635bd680b6851b276eccf2e302219176ac8584cac4b30b65765c5df1526eb60d8ed1349276d283,An Entry Body Text Dump JSON,1970-01-18 02:06:08+0000,1970-01-18 02:49:20+0000,False,An Entry Title JSON
7dbd4ca0-926c-11e6-a793-d5fce3328762,e80f1cd83776ece980c941baa57202f0fbe3ace428fff43999ffab642db7fc0853673a0d8ee38b289d39e5bf4a6818ffd96f92d0e9a8cbb369e3bb3799050d8a,An Entry Body Text Dump JSON,,,True,An Entry Title JSON
bf1ed00c-3e73-402f-a67d-56fb9263989a,365d6698f29282940f9092efc5eafa6774e9a3d5d13eb27aeca257f7a2a392f544b94f540bad1460e9572f70261bdb6841a1ef34f03201559edffd03ad0e017f,An Entry Body Text Dump JSON,1970-01-18 02:07:04+0000,1970-01-18 02:50:16+0000,True,An Entry Title JSON
03a09f0d-569c-4345-a035-1d535b695a23,d34af9b276320d7b43cfb7ce5f15f4f98f566805fbfcb4220e635bd680b6851b276eccf2e302219176ac8584cac4b30b65765c5df1526eb60d8ed1349276d283,An Entry Body Text Dump JSON,1970-01-18 02:06:08+0000,1970-01-18 02:49:20+0000,True,An Entry Title JSON
c130d9c2-6f84-4262-b5b1-8cecc16d7a8d,c05074f3022ae7b5ca9f1a781727398233b83c130c6a204095043367856b3e0a02f458af067f99faead3e44de8fa1633cab536ef7b922e7058cedc56a8f67eeb,An Entry Body Text Dump FORM,1970-01-01 00:00:00+0000,1970-01-01 00:00:00+0000,False,An Entry Title FORM
d387ff15-06d2-41b0-89e6-7d885416cd4b,254d119ed7b6c79301d2cbe101c0d3596a1ec8017fb1e3527a363a4e612b20c044981bd18d5a2c2a837eb898b6753a0043ace5b29b2f19220ceb5c2ce20fe50d,An Entry Body Text Dump FORM,1970-01-01 00:00:00+0000,1970-01-01 00:00:00+0000,False,An Entry Title FORM
69338cb0-926f-11e6-b72e-2f8087bd30f9,d8ab50816c97a36c3dfb464119b87311c5f2c7fe1dc357a46da81a756f4feac9238c8e26c650b515821d1c8f8a7346d92500cd6fe1f2937107d5c53d7f994144,An Entry Body Text Dump JSON,,,True,An Entry Title JSON
4d6a94dc-95de-44ff-a8de-9a4289ecda7b,fc0ea2691c5caf5c0ee41c2b827355463351a64ba798688639603feef04af662d6c0e7e715c7983ccbc32d3f10659e1183aea97cf612b7509b2b9c7666815a7a,An Entry Body Text Dump JSON,1970-01-18 02:08:07+0000,1970-01-18 02:51:19+0000,True,An Entry Title JSON
37ceb9ff-ee8f-4cca-ae60-8e7d9bc6b6bf,3cd1aabc1eadc907cfa95496a382ffc61ed6f574d8d2c56b4002984fe801a0df8b25c395af186ed13621c3ab53ec8cad1966d375001b1074fe8825aac7d59233,An Entry Body Text Dump FORM,1970-01-01 00:00:00+0000,1970-01-01 00:00:00+0000,False,An Entry Title FORM
74b12563-e74f-4ce1-b6fe-259017dd5e65,19f5b1ac6bb87bc07854992c8347c9c86b845c68c41906a3ce6252a07dce2bf2f8bf339f6568f5eff5586ab442174fd242008db0d47d929c1bb5bbd88185175d,An Entry Body Text Dump FORM,1970-01-01 00:00:00+0000,1970-01-01 00:00:00+0000,False,An Entry Title FORM
25fb9b6f-9645-472f-8c4e-496af4d5507d,877db6fc7e1effe0d5dabb98827e1814ab3609adaa85d2a220b1483137e00f53f3397bac88eed6d45023593e32e6dad624277f22dab1359124deefb04b18e0cc,An Entry Body Text Dump JSON,1970-01-18 02:06:07+0000,1970-01-18 02:49:19+0000,True,An Entry Title JSON
b1bd7be8-c1a5-4e40-b7d1-cdabcfcc3529,5d7e46cd3497f683e1557e2cb1e07094fee504a5cbe7829308f7f065a6aa4f6fab05c52fc45dca4b09e5f60ac909282ab3fcecb7625992da8d64065588759ea5,An Entry Body Text Dump FORM,1970-01-01 00:00:00+0000,1970-01-01 00:00:00+0000,False,An Entry Title FORM
384ab159-9776-4739-becc-e6e8beeb8ac9,46456727d2ce895b294a30035bde4e3480d31e72affd6652a1bd011cf7957946653d1880a66645d7956b32d21b327323cb62131f7c1d9b7941a85b1d958af18c,An Entry Body Text Dump JSON,1970-01-18 02:08:09+0000,1970-01-18 02:51:21+0000,True,An Entry Title JSON
2892d3f1-4f03-4154-9148-72f1ea4fad07,bf6fc2e8c4d6f408b1447b9b0a1d8e171ba957b4c1cd829d3d7cde9ccdb2db3d8d9c3a45fc2ad7f140217b8d0c586db4383019f03117088c5eadbd9e1cbe08dc,An Entry Body Text Dump FORM,1970-01-01 00:00:00+0000,1970-01-01 00:00:00+0000,False,An Entry Title FORM
eea7a7fc-1225-4db5-8e64-0c4f5897860e,2d45725d53c6c94c92ffd39fc65b3be0a401ce99314452d75e4c25c5d63479223a2f427d5bc900ef6d2b79d356aec793581f9fe6b2e4c455c0dceb0da877b8b8,An Entry Body Text Dump JSON,1970-01-18 02:08:07+0000,1970-01-18 02:51:19+0000,True,An Entry Title JSON
f12c0b81-b18a-44f5-b7c6-aff928155b12,af991742f2012153c3132f0f49af5799f1901951af5b591c200f8f305c9aee6252c36fd52c43b49e8c42b612b978ea823780bbee41e87c38ca6553504f8465aa,Overridden,1970-01-18 02:08:11+0000,1970-01-18 02:51:23+0000,True,An Entry Title JSON
e2184990-926a-11e6-a2dd-cb7f016ecc5d,bf6fc2e8c4d6f408b1447b9b0a1d8e171ba957b4c1cd829d3d7cde9ccdb2db3d8d9c3a45fc2ad7f140217b8d0c586db4383019f03117088c5eadbd9e1cbe08dc,An Entry Body Text Dump JSON,1970-01-18 02:08:09+0000,1970-01-18 02:51:21+0000,True,An Entry Title JSON
2bd73200-926e-11e6-b0b6-278fe7c23caf,0ee9844ff917acb115b5baba19a15f3898640fc59d3e12fb2644d5f012d9d0d0a0db1ddc3dd5a66cfbc726a1200a05d2a48d0620509d898dcdd79682dc0a4347,An Entry Body Text Dump JSON,,,True,An Entry Title JSON
668afb50-9095-11e6-94cb-f151169f5d76,0ee9844ff917acb115b5baba19a15f3898640fc59d3e12fb2644d5f012d9d0d0a0db1ddc3dd5a66cfbc726a1200a05d2a48d0620509d898dcdd79682dc0a4347,Overridden,1970-01-18 02:08:11+0000,1970-01-18 02:51:23+0000,True,An Entry Title JSON
668afb50-9095-11e6-94cb-f151169f5d76,121f8ac003db8ec8ab194e114c1ca0e05de463905766a3bb3839ef5a9eb392d91fa24f5010fcbff51d42aef4b112947bc01b587e718eb3a2be4fbe3dc8e459b3,Overridden,1970-01-18 02:06:08+0000,1970-01-18 02:49:20+0000,True,An Entry Title JSON
668afb50-9095-11e6-94cb-f151169f5d76,3c8afb0a5209c8da108f914a50bb999556eb2170c2858acd48fb361c46417addb68aeb9151616992178daee85ad6d3815b3d10b407104f1050b571ad79a59267,An Entry Body Text Dump JSON,1970-01-18 02:06:08+0000,1970-01-18 02:49:20+0000,True,An Entry Title JSON
668afb50-9095-11e6-94cb-f151169f5d76,5d7e46cd3497f683e1557e2cb1e07094fee504a5cbe7829308f7f065a6aa4f6fab05c52fc45dca4b09e5f60ac909282ab3fcecb7625992da8d64065588759ea5,An Entry Body Text Dump JSON,1970-01-18 02:08:09+0000,1970-01-18 02:51:21+0000,True,An Entry Title JSON
668afb50-9095-11e6-94cb-f151169f5d76,63407afbb56cab9538a719e0d944de22155f50f400d7d59678d372f45410e3a55094fe101a005df586c588959b34c7b45a304b0fae6911ab62c19fb3be1dcd49,An Entry Body Text Dump JSON,1970-01-18 02:06:09+0000,1970-01-18 02:49:21+0000,True,An Entry Title JSON
668afb50-9095-11e6-94cb-f151169f5d76,67c6b5105e9f9005a5b7ece85fc3eca92ed04e40fa71d74d3e0fc1a9f6b9149cb477833ef970743c998cebd61adafabb858f1d86eb653eac6e5066e3c0e0a747,An Entry Body Text Dump JSON,1970-01-18 02:08:09+0000,1970-01-18 02:51:21+0000,True,An Entry Title JSON
668afb50-9095-11e6-94cb-f151169f5d76,746e2ded022f4b1f9ac8047a45b9c18980f979fab2678d9009dc687274755ff0fd7c8e26ae402c240304bac39933046a9ebdea02c245302efd87b0dbb3f628ca,An Entry Body Text Dump JSON,1970-01-18 02:08:09+0000,1970-01-18 02:51:21+0000,True,An Entry Title JSON
668afb50-9095-11e6-94cb-f151169f5d76,805a2b40eab3064deb2ecaeca3ce206fe33694a4bf1c1f4c7bdb85baeefd8d2a1f508874f1cf9f7f36247431569f727c0e973cad5650c51651bbb386ee505775,An Entry Body Text Dump JSON,1970-01-18 02:08:09+0000,1970-01-18 02:51:21+0000,True,An Entry Title JSON
668afb50-9095-11e6-94cb-f151169f5d76,845b77fcff9ad1e7256dd075bcfff603610be9121c5eb8681a3986bb0599b5a0469fb754d0a4f0bf2759216adfe76778054d32d966eb86608e6a21c9d015193a,An Entry Body Text Dump JSON,1970-01-18 02:06:07+0000,1970-01-18 02:49:19+0000,True,An Entry Title JSON
668afb50-9095-11e6-94cb-f151169f5d76,8a1f524f20c282e3ed824401c4ea874b210c7d9a061b1cf38b1bd13188b22101ba8b08e9ded0af8206a7f53494d723be9bdda62e4d16b4e680fc4d69d9e3d7f4,An Entry Body Text Dump JSON,1970-01-18 02:06:15+0000,1970-01-18 02:49:27+0000,True,An Entry Title JSON
668afb50-9095-11e6-94cb-f151169f5d76,95af395f1c6e5f922896f2d010ab0617e91620c23973ddf8daeb4cddfc3963640c73dc98a1bd0f498bb8d017d1a33b5b0189bef4e4637bf5fdba6d00468b688e,An Entry Body Text Dump JSON,1970-01-18 02:08:09+0000,1970-01-18 02:51:21+0000,True,An Entry Title JSON
668afb50-9095-11e6-94cb-f151169f5d76,9f8bc1c88672b758eacf64bc7e41e3436cfd770c5b0b5c8caefed23de876baca827376557b4b0f4ee172e8dbc836e0d0c79a99d3cd9985a7721dd8f223aaa654,An Entry Body Text Dump JSON,1970-01-18 02:08:11+0000,1970-01-18 02:51:23+0000,True,An Entry Title JSON
668afb50-9095-11e6-94cb-f151169f5d76,b240e10afeda157761ed0c88a100a0d22d830cc91548d222c279d29ab002c7c127bf5fbda64793b0cf7fc43b34a7a682a2d6c156ad6ada1a4077e0c51e1e882c,An Entry Body Text Dump JSON,1970-01-18 02:08:10+0000,1970-01-18 02:51:22+0000,True,An Entry Title JSON
668afb50-9095-11e6-94cb-f151169f5d76,bf6fc2e8c4d6f408b1447b9b0a1d8e171ba957b4c1cd829d3d7cde9ccdb2db3d8d9c3a45fc2ad7f140217b8d0c586db4383019f03117088c5eadbd9e1cbe08dc,An Entry Body Text Dump JSON,1970-01-18 02:08:09+0000,1970-01-18 02:51:21+0000,True,An Entry Title JSON
668afb50-9095-11e6-94cb-f151169f5d76,cdabf23c141c14f908a01915c24443a12d4f14996c51cec80314f37067b5343e553700427fa96445225873530d9a2af3ef629a059d16e6675f92f074126a2161,An Entry Body Text Dump JSON,1970-01-18 02:06:07+0000,1970-01-18 02:49:19+0000,True,An Entry Title JSON
668afb50-9095-11e6-94cb-f151169f5d76,d34af9b276320d7b43cfb7ce5f15f4f98f566805fbfcb4220e635bd680b6851b276eccf2e302219176ac8584cac4b30b65765c5df1526eb60d8ed1349276d283,An Entry Body Text Dump JSON,1970-01-18 02:06:08+0000,1970-01-18 02:49:20+0000,True,An Entry Title JSON
668afb50-9095-11e6-94cb-f151169f5d76,e80f1cd83776ece980c941baa57202f0fbe3ace428fff43999ffab642db7fc0853673a0d8ee38b289d39e5bf4a6818ffd96f92d0e9a8cbb369e3bb3799050d8a,An Entry Body Text Dump JSON,1970-01-18 02:08:10+0000,1970-01-18 02:51:22+0000,True,An Entry Title JSON
668afb50-9095-11e6-94cb-f151169f5d76,ebdbad7eda1a371e9251ead88d26eb0707ec50ad22415462e5061be2e1dc0409a9cf74e7dbf42c94092c6bb046246aedaaab1aecc2dbdfe2ee2a4de257089f2b,An Entry Body Text Dump JSON,1970-01-18 02:06:08+0000,1970-01-18 02:49:20+0000,True,An Entry Title JSON
9eaad050-914e-11e6-a1a6-752d72f07195,cdabf23c141c14f908a01915c24443a12d4f14996c51cec80314f37067b5343e553700427fa96445225873530d9a2af3ef629a059d16e6675f92f074126a2161,An Entry Body Text Dump JSON,1970-01-18 02:06:07+0000,1970-01-18 02:49:19+0000,False,An Entry Title JSON
0da8ec89-f4ca-4e94-8914-188b81a6249e,ae64835e4d32da5f61f01a4332ce14577cb73e82090ed73e376d1ea1ebefde276c5743301b8d5a1583ec82db443055d13eb135c45df21a3f009389dd74bb295f,An Entry Body Text Dump JSON,1970-01-18 02:07:49+0000,1970-01-18 02:51:01+0000,True,An Entry Title JSON
9834ddbe-b81d-46ef-b778-46af19553817,429d0d649f92f87e594dd165344c1e2f8cfcecd3dbfce10784e0003e552ee001a9df407ecf3e1db249fcee1216ae0b67c0b76fe0bb8fef6d1158e499ea47058f,An Entry Body Text Dump JSON,1970-01-18 02:08:09+0000,1970-01-18 02:51:21+0000,True,An Entry Title JSON
65ad87a8-85b5-488d-9181-3208c00ba358,4993600c33e97e878a2b012d93ea88824eaca78305584b4a38941902a3abc08e08c323b5ee0c3986ab7a0ab497bb6442d6b21bc045feca6c20b91575a11fe0a0,An Entry Body Text Dump JSON,,,True,An Entry Title JSON
5d71b7c8-aab2-4300-b826-9d4b264ffd5c,b240e10afeda157761ed0c88a100a0d22d830cc91548d222c279d29ab002c7c127bf5fbda64793b0cf7fc43b34a7a682a2d6c156ad6ada1a4077e0c51e1e882c,An Entry Body Text Dump FORM,,,False,An Entry Title FORM
3efb9aeb-2f09-423f-bb64-73d94318e242,53a3b9788ae1bad35827c3f130804863dc448236254c8685ea3b62dd32813d8c12028846fdae5653bf216975573eacad984ff662c52b7600de8fe9ef5b89802e,An Entry Body Text Dump JSON,1970-01-18 02:08:09+0000,1970-01-18 02:51:21+0000,True,An Entry Title JSON
189027b0-3cae-439e-8567-95bc553e3986,c6a6f06085912f4f5855173ba651d17e75b3164cdd767b194023726c46aef6a0f2d9f4095d5a2c332c2e2a96e31abfc4da3a459d0abd021fe86809aa6b3b87bb,An Entry Body Text Dump JSON,1970-01-18 02:07:12+0000,1970-01-18 02:50:24+0000,True,An Entry Title JSON
7c5d9114-b9f4-4f45-92b6-80e851268b53,0ee9844ff917acb115b5baba19a15f3898640fc59d3e12fb2644d5f012d9d0d0a0db1ddc3dd5a66cfbc726a1200a05d2a48d0620509d898dcdd79682dc0a4347,An Entry Body Text Dump FORM,,,False,An Entry Title FORM
e569e653-7ae0-4133-b0f3-fc5fc34337b9,805a2b40eab3064deb2ecaeca3ce206fe33694a4bf1c1f4c7bdb85baeefd8d2a1f508874f1cf9f7f36247431569f727c0e973cad5650c51651bbb386ee505775,An Entry Body Text Dump FORM,1970-01-01 00:00:00+0000,1970-01-01 00:00:00+0000,False,An Entry Title FORM
2fd7ad76-1566-425c-a1d2-d441353b88f9,c63f8f73ea9ea18907fdaa76a6e14b3781ee3555a13e3c24e58d8b82aecf89f62a6d921f5af300341fa45b1081097e10cde5437b4fd8c61ef3d74ce2ce138ef8,An Entry Body Text Dump JSON,,,True,An Entry Title JSON
e404fb81-db45-4983-8fc6-99bd05dba6a3,8538ae4bbf70a6241fcd645d58699389ef96f3a2945e216fe82cac9d39a2b47d0c4822c291933d708ddbeb8c8a41b6f47bde67a5ae9d6748fff282c75b5b4846,An Entry Body Text Dump FORM,,,False,An Entry Title FORM
dfbb9afd-cdb1-4566-b38e-3acef7d95f2f,2335750bbbc395c66b9a022d659a2f9dfabf47b01ae8b17d7660231b54e1c037cefe1e79b21fedcb322260f5ae099b1802d0269aee839cb1b4b94ff2a6c08dea,An Entry Body Text Dump JSON,1970-01-18 02:06:08+0000,1970-01-18 02:49:20+0000,True,An Entry Title JSON
cf8eb4cb-2350-4e53-b80e-f1381e2e7c7e,c1fb58e99449b23539c8e67219be71921bee2fedcc1d53702eaf0b8c88eb0a9daa735a0c85d6f7925c3982513aa4ddefc0765addda5690282e148c93f8518749,An Entry Body Text Dump JSON,1970-01-18 02:06:09+0000,1970-01-18 02:49:21+0000,True,An Entry Title JSON
27fd5000-926a-11e6-9d0b-29f44cd276fb,67c6b5105e9f9005a5b7ece85fc3eca92ed04e40fa71d74d3e0fc1a9f6b9149cb477833ef970743c998cebd61adafabb858f1d86eb653eac6e5066e3c0e0a747,An Entry Body Text Dump JSON,1970-01-18 02:08:09+0000,1970-01-18 02:51:21+0000,True,An Entry Title JSON
7df189c0-9271-11e6-8439-35e498bd77b9,e7c88a8629b5be86a2657656aba24a9dc6c2663c5099fb80f9061882e0020fc7ac406540280895db13d88e547c1372f9e4d229750fc8bb02e52c251d3a5fea49,An Entry Body Text Dump JSON,,,True,An Entry Title JSON
81cd9144-1442-4bea-a5da-4ab311965b22,8a1f524f20c282e3ed824401c4ea874b210c7d9a061b1cf38b1bd13188b22101ba8b08e9ded0af8206a7f53494d723be9bdda62e4d16b4e680fc4d69d9e3d7f4,An Entry Body Text Dump JSON,1970-01-18 02:06:15+0000,1970-01-18 02:49:27+0000,True,An Entry Title JSON
0e5c678e-c1f8-4704-a065-4ccad6b25b31,f4137eeb6cada95d8a21b74e48de07a746f49d57c1e943742b57a845470d19f662eddaadd47d4fdda9f42806f9d16955c9bb5edfa26f48d309ca7e60a0f6961a,An Entry Body Text Dump JSON,1970-01-18 02:06:08+0000,1970-01-18 02:49:20+0000,True,An Entry Title JSON
2db94a2c-4f70-4fd7-972f-ebdca84a08ee,d1e3171884e4243ee991b1c730b0b2624d2093d8ccd8f3a4f412735ec46cca380d1ad57c6d7a08a857657038b29d79622578af6061b51e489bd150abf41b1066,An Entry Body Text Dump JSON,1970-01-18 02:06:09+0000,1970-01-18 02:49:21+0000,True,An Entry Title JSON
4ef117d6-07c5-4f76-a6a4-6e6c07edc343,d8ab50816c97a36c3dfb464119b87311c5f2c7fe1dc357a46da81a756f4feac9238c8e26c650b515821d1c8f8a7346d92500cd6fe1f2937107d5c53d7f994144,Overridden,1970-01-18 02:08:11+0000,1970-01-18 02:51:23+0000,True,An Entry Title JSON
325c7711-644e-4b01-9d5a-2a07a80c23b6,a1157849f80ef1e6d89b37f4aba45f6c6d41f1df094669bbe4ef915bf6f7e239ee4d3fa5d85a1dadc6db1c42589f1674cdb4e59c0126a39ced707adeb87b49cb,An Entry Body Text Dump JSON,1970-01-18 02:07:08+0000,1970-01-18 02:50:20+0000,True,An Entry Title JSON
200fc9f8-4e34-49f3-9c73-ef40e26bae56,845b77fcff9ad1e7256dd075bcfff603610be9121c5eb8681a3986bb0599b5a0469fb754d0a4f0bf2759216adfe76778054d32d966eb86608e6a21c9d015193a,An Entry Body Text Dump JSON,1970-01-18 02:06:07+0000,1970-01-18 02:49:19+0000,True,An Entry Title JSON
9f668dac-a1ac-492c-ba14-eb0a11511204,3c8afb0a5209c8da108f914a50bb999556eb2170c2858acd48fb361c46417addb68aeb9151616992178daee85ad6d3815b3d10b407104f1050b571ad79a59267,An Entry Body Text Dump JSON,1970-01-18 02:06:08+0000,1970-01-18 02:49:20+0000,True,An Entry Title JSON
09de6ad5-5ccb-43fb-b416-da901d3f6906,d8ab50816c97a36c3dfb464119b87311c5f2c7fe1dc357a46da81a756f4feac9238c8e26c650b515821d1c8f8a7346d92500cd6fe1f2937107d5c53d7f994144,An Entry Body Text Dump FORM,,,False,An Entry Title FORM
bb3c9b4e-eb01-40d4-8548-be8380a0b89b,772bb801d0b2e6673843bb496c582c1b316838ae023af0b3b97861a4e5b9e8b023abcb0c1ce08330abb3b4039e3f98f5b8a9dcdfe0b1ae8acac8630e42f87b8f,An Entry Body Text Dump JSON,1970-01-18 02:08:09+0000,1970-01-18 02:51:21+0000,True,An Entry Title JSON
f09643da-9561-4fd9-a202-8d370ff93b5c,63407afbb56cab9538a719e0d944de22155f50f400d7d59678d372f45410e3a55094fe101a005df586c588959b34c7b45a304b0fae6911ab62c19fb3be1dcd49,An Entry Body Text Dump JSON,1970-01-18 02:06:09+0000,1970-01-18 02:49:21+0000,True,An Entry Title JSON
b4742230-9269-11e6-af1a-2d43ae5057d8,5d7e46cd3497f683e1557e2cb1e07094fee504a5cbe7829308f7f065a6aa4f6fab05c52fc45dca4b09e5f60ac909282ab3fcecb7625992da8d64065588759ea5,An Entry Body Text Dump JSON,1970-01-18 02:08:09+0000,1970-01-18 02:51:21+0000,True,An Entry Title JSON
f32a1ca0-926e-11e6-b333-df7fe9a691e8,af991742f2012153c3132f0f49af5799f1901951af5b591c200f8f305c9aee6252c36fd52c43b49e8c42b612b978ea823780bbee41e87c38ca6553504f8465aa,An Entry Body Text Dump JSON,,,True,An Entry Title JSON
944c0f61-c675-4c6b-86df-ab510080ac52,b0b6911fe4670d7ecb50a8462bb77d01c4c9e4fe703fc3dbdac18e460719e8e1ab38d32e1e779f73ce1383729b933dd67696c3e0b4ade8cf7291f737b029c07a,An Entry Body Text Dump JSON,,,True,An Entry Title JSON
2253ea1c-36f0-411d-a6bb-32083b9a5c33,83ac74d4ff42360e1d1c18883a84d5b520b9e1359c1cc2386e945990e2646597e440555eb81925bb17442901228b12b1a99eac943576162d76f049d31aa8716e,An Entry Body Text Dump JSON,1970-01-18 02:07:09+0000,1970-01-18 02:50:21+0000,True,An Entry Title JSON
e85229b0-9270-11e6-a28b-f1a05069b750,afe6187cd0d098f3a590b8e1e45337e87f969046b3009081722f0e7bf980d48eeb5461efd351eeb42fca1bf7de95db61350730ed3350200767e2c8aa42c90b1d,An Entry Body Text Dump JSON,,,True,An Entry Title JSON
20a7c339-a73a-4c28-8aab-7ec441bcdf38,bf9a46862f69c48d5b1e617e1268d5a157eeab5350a127f1a02419dc6050a3a7cd08f770cd1d8b2b5c74f8a3d581657d6ea7f4abca36fc3be078fb99b2051a3c,An Entry Body Text Dump FORM,1970-01-01 00:00:00+0000,1970-01-01 00:00:00+0000,False,An Entry Title FORM
ad68d49a-8886-4023-8e91-43e350ecdb99,f75fb406e8007c896f1195c0f30aaf92aab9579ec75ac7bddc619a1d53a961b9a201da5ffd85e14ad831b3d397ac565b098a19b73d89cb068d3ab982e9fffa40,An Entry Body Text Dump JSON,1970-01-18 02:07:10+0000,1970-01-18 02:50:22+0000,True,An Entry Title JSON
a96a11e4-bbd3-46b1-80ee-921d215f0d7f,e7c88a8629b5be86a2657656aba24a9dc6c2663c5099fb80f9061882e0020fc7ac406540280895db13d88e547c1372f9e4d229750fc8bb02e52c251d3a5fea49,An Entry Body Text Dump FORM,,,False,An Entry Title FORM
dac8c950-e0e8-4201-838c-123198f35ebc,121f8ac003db8ec8ab194e114c1ca0e05de463905766a3bb3839ef5a9eb392d91fa24f5010fcbff51d42aef4b112947bc01b587e718eb3a2be4fbe3dc8e459b3,An Entry Body Text Dump JSON,1970-01-18 02:06:08+0000,1970-01-18 02:49:20+0000,True,An Entry Title JSON
24f288f9-a405-4657-9a0b-e04391b0e9b0,f8b9df277d8b24280325e27fdd74526d7a47b17dca56d84d131fbe3804767082e9c4f938ac99901f01a5b894d85c8535f94d506aedba6a44298db773254383bc,An Entry Body Text Dump JSON,1970-01-18 02:08:09+0000,1970-01-18 02:51:21+0000,True,An Entry Title JSON
33ed44f8-4361-4ada-a84d-6e5bb85b3dd4,36abdd9c5ee45b773898e24615e16f16a4928e1b177f1a475cac524f0399a8ed2dbbccc2026aab79abc372ce4db4ed7610309dc517d6d31d43a518603890e44b,An Entry Body Text Dump JSON,1970-01-18 02:07:51+0000,1970-01-18 02:51:03+0000,True,An Entry Title JSON
8fa3019c-cb53-460d-be59-795286141410,ebdbad7eda1a371e9251ead88d26eb0707ec50ad22415462e5061be2e1dc0409a9cf74e7dbf42c94092c6bb046246aedaaab1aecc2dbdfe2ee2a4de257089f2b,An Entry Body Text Dump JSON,1970-01-18 02:06:08+0000,1970-01-18 02:49:20+0000,True,An Entry Title JSON
1307f0c3-a687-4a07-9565-451511911dd3,3eaf7c40830a26e8484b5aabaa6d442b59332ab5397ac926bccbb1f0d9c57972c1fbe8848e1c5987f77b3178806e760edfe1e09ff5dbfd10604b4510c512e29c,An Entry Body Text Dump FORM,,,False,An Entry Title FORM
d6f7d970-914f-11e6-b103-d7e03e61ecee,121f8ac003db8ec8ab194e114c1ca0e05de463905766a3bb3839ef5a9eb392d91fa24f5010fcbff51d42aef4b112947bc01b587e718eb3a2be4fbe3dc8e459b3,An Entry Body Text Dump JSON,1970-01-18 02:06:08+0000,1970-01-18 02:49:20+0000,False,An Entry Title JSON
c1880d19-7194-4af4-bb23-95e76e8980a1,f9eaf1811f513ed4cffe9faa1e03169d91e16e5825854d57efd2da7366dd3390cae3fb832ad009f6bc71a2940ebc5b4a103657ca73f7fa4cb014a68f8bfe56f1,An Entry Body Text Dump JSON,1970-01-18 02:07:11+0000,1970-01-18 02:50:23+0000,True,An Entry Title JSON
6e041a44-db66-40f9-8542-f5f7f34678d8,afe6187cd0d098f3a590b8e1e45337e87f969046b3009081722f0e7bf980d48eeb5461efd351eeb42fca1bf7de95db61350730ed3350200767e2c8aa42c90b1d,Overridden zzz,1970-01-18 02:08:12+0000,1970-01-18 02:51:24+0000,True,An Entry Title JSON
f7dfc034-f991-4cee-af1a-7401884cc557,cdabf23c141c14f908a01915c24443a12d4f14996c51cec80314f37067b5343e553700427fa96445225873530d9a2af3ef629a059d16e6675f92f074126a2161,An Entry Body Text Dump JSON,1970-01-18 02:06:07+0000,1970-01-18 02:49:19+0000,True,An Entry Title JSON
e821f811-d5b5-424f-b1da-3c5db1e0218d,2eb9cea027eb8ac19a10e35067a399ff3421fbf1faa856b596ea7afe696ef4143c362621181974bcd32f9744f57157a52730508d34be963009c278e21e729b3f,An Entry Body Text Dump FORM,,,False,An Entry Title FORM
95924099-012e-4328-a7ce-42854d4301b9,eaa4a1269fc26b66c178440022f51902b69fec76f3323398ef4600158744a4f07d7cff657d190ea1951bba613ea14db10a0a15c1234927b15254a27689a7a8c8,An Entry Body Text Dump JSON,1970-01-18 02:06:08+0000,1970-01-18 02:49:20+0000,True,An Entry Title JSON
7f2ae990-9270-11e6-9edc-718d49cbf238,3eaf7c40830a26e8484b5aabaa6d442b59332ab5397ac926bccbb1f0d9c57972c1fbe8848e1c5987f77b3178806e760edfe1e09ff5dbfd10604b4510c512e29c,An Entry Body Text Dump JSON,,,True,An Entry Title JSON
7b75fdf6-9265-40ab-99d2-ff30d8863e2b,6ccceeefaac3ee97670531694382fb0f6285ff0c3768b9722d00018c067442140740228ffd3f1c3b7cd3205d236640f898f1759a8005f193bf6776d4c3028532,An Entry Body Text Dump FORM,1970-01-01 00:00:00+0000,1970-01-01 00:00:00+0000,False,An Entry Title FORM
d2826628-1d11-485c-8e78-ff769d037d61,896acf7d0fa14619c309db48450aee6b80c64cc755f55b12560c39c18760fcb638e1025eb9a2b859b5cf720707011d3c829a0b154df7dfddef60899291a5abac,An Entry Body Text Dump FORM,1970-01-01 00:00:00+0000,1970-01-01 00:00:00+0000,False,An Entry Title FORM
64e388f0-926e-11e6-8ca5-3bc36cd637b3,8538ae4bbf70a6241fcd645d58699389ef96f3a2945e216fe82cac9d39a2b47d0c4822c291933d708ddbeb8c8a41b6f47bde67a5ae9d6748fff282c75b5b4846,An Entry Body Text Dump JSON,,,True,An Entry Title JSON
c2e67c34-c3bc-465a-a968-59286f14f2a1,308d4ca020e15b54d88ccc0bb23a8bfef41df3dbd362bb837f9c84019e3fff58429a5a64473410b366fdfd85ed0c3ab5916a05e29873628b1d199d5687ebe0b4,An Entry Body Text Dump FORM,1970-01-01 00:00:00+0000,1970-01-01 00:00:00+0000,False,An Entry Title FORM
c6ca7419-c9c7-4866-ac8d-11bb6ec3de66,f0bb967417a7493fa464b39c3d3c339c7aded4f383610c91d2db434a368fd537587357dd8ea5b897f158cbbe9d2af07ba833403e0dc5b6aab606f89b4087eb59,An Entry Body Text Dump JSON,,,True,An Entry Title JSON
30358195-683e-4441-a2d4-8d5e53be8487,67c6b5105e9f9005a5b7ece85fc3eca92ed04e40fa71d74d3e0fc1a9f6b9149cb477833ef970743c998cebd61adafabb858f1d86eb653eac6e5066e3c0e0a747,An Entry Body Text Dump FORM,1970-01-01 00:00:00+0000,1970-01-01 00:00:00+0000,False,An Entry Title FORM
c208eb9f-be4c-4766-9d8d-3d2d66458461,dedcbc2e8ec9fc2f80e1c1ab798b11d2b2da12c3b04aee6a7e7a1646363109b2d92f96ae698843f4b97b77ded3b5108e3fee7b47b7a1a137250f6a10a2cd87d9,An Entry Body Text Dump JSON,1970-01-18 02:06:15+0000,1970-01-18 02:49:27+0000,True,An Entry Title JSON
d7bfb05b-7528-43bd-a235-1ea97cebb6a7,fe2b3bcf7ed1ccc1d7ca2f7d91d3bd7c9ac554678754e5758aeb2ed62122a4234d00d9a353f27a027fb8f77a56dad50532d82288292f852c6d7ac648a49cdaf5,An Entry Body Text Dump JSON,,,True,An Entry Title JSON
36ac877f-83f2-4cd5-bb06-96c4e351b430,de7d0bc782513e901cc99c0f8af752a72458d74d15573922f5693d24d07f0b88538cc5fc7a3a7805480b8f52af6dc3e9879ffb9e7ff602e004fd834e338c5c0d,An Entry Body Text Dump JSON,1970-01-18 02:06:07+0000,1970-01-18 02:49:19+0000,True,An Entry Title JSON
99d34830-926d-11e6-9d5a-d7b965b9e42a,9f8bc1c88672b758eacf64bc7e41e3436cfd770c5b0b5c8caefed23de876baca827376557b4b0f4ee172e8dbc836e0d0c79a99d3cd9985a7721dd8f223aaa654,An Entry Body Text Dump JSON,,,True,An Entry Title JSON
73cb07c6-8422-4643-8d25-e642831442a2,1493d5d82cf063a47f058b41cd92a8cfd07c921e1b3699cdb30b2f6f22a0671bc73a85e8d38c0dd4695c81ec8f4c837414d815a0d7de7baedb9c3d78055cdd11,An Entry Body Text Dump FORM,1970-01-01 00:00:00+0000,1970-01-01 00:00:00+0000,False,An Entry Title FORM
22b0b7a1-dc61-4815-a37c-eb80f2f45a3a,af991742f2012153c3132f0f49af5799f1901951af5b591c200f8f305c9aee6252c36fd52c43b49e8c42b612b978ea823780bbee41e87c38ca6553504f8465aa,An Entry Body Text Dump FORM,,,False,An Entry Title FORM
287092bf-39cc-4772-bbf1-b29f3f4db45c,8538ae4bbf70a6241fcd645d58699389ef96f3a2945e216fe82cac9d39a2b47d0c4822c291933d708ddbeb8c8a41b6f47bde67a5ae9d6748fff282c75b5b4846,Overridden,1970-01-18 02:08:11+0000,1970-01-18 02:51:23+0000,True,An Entry Title JSON
